,T-Epithelial doublet,Epithelial Progenitor,plasma-epi doublet,Enteroendocrine Cell,Goblet Cells,Early Enterocyte,Late Enterocyte,Tuft Cell,BEST4+ Enterocyte,Myeloid-Epithelial Doublet,REG1A(-) INF-stim prog,Metallothionein-rich Epithelia,M Cell,DUOX2+ Activated Enterocyte,REG1A(+) INF-stim prog,CCL25+ Epithelial Cell,Inflamed Secretory Cells
ADH1C,0,1,0,0,0,0,0,0,0,0,0,1,0,0,0,0,0
ADH4,0,0,0,0,0,0,0,0,0,0,0,0,0,0,0,1,0
AIF1,0,0,0,0,0,0,0,0,0,1,0,0,0,0,0,0,0
ALDOB,0,0,0,0,0,0,0,0,0,0,0,0,0,0,0,1,0
ALOX5,0,0,0,0,0,0,0,1,0,0,0,0,0,0,0,0,0
ANXA10,0,0,0,0,0,0,0,0,0,0,0,0,0,0,0,1,0
APOB,0,0,0,0,0,0,0,0,0,0,0,0,0,0,0,1,0
AQP8,0,0,1,0,0,0,1,0,0,0,0,0,0,0,0,0,0
ARHGDIB,1,0,0,0,0,0,0,0,0,0,0,0,0,0,0,0,0
ASS1,0,0,0,0,0,0,0,0,0,0,0,0,0,1,0,0,0
AZGP1,0,0,0,0,0,0,0,1,0,0,0,0,0,0,0,0,0
BEST4,0,0,0,0,0,0,0,0,1,0,0,0,0,0,0,0,0
BMX,0,0,0,0,0,0,0,1,0,0,0,0,0,0,0,0,0
C1QA,0,0,0,0,0,0,0,0,0,1,0,0,0,0,0,0,0
CA1,0,0,1,0,0,1,0,0,0,0,0,0,0,0,0,0,0
CA2,0,0,0,0,0,1,0,0,0,0,0,0,0,0,0,0,0
CA4,0,0,0,0,0,0,1,0,1,0,0,0,0,0,0,0,0
CA7,0,0,0,0,0,0,0,0,1,0,0,0,0,0,0,0,0
CCL15,0,0,0,0,0,0,0,0,0,0,0,0,1,0,0,0,0
CCL20,0,0,0,0,0,0,0,0,0,0,0,0,1,0,0,0,0
CCL23,0,0,0,0,0,0,0,0,0,0,0,0,1,0,0,0,0
CCL25,0,0,0,0,0,0,0,0,0,0,0,0,0,0,0,1,0
CD177,0,0,0,0,0,0,1,0,0,0,0,0,0,0,0,0,0
CD37,1,0,0,0,0,0,0,0,0,0,0,0,0,0,0,0,0
CD52,1,0,0,0,0,0,0,0,0,0,0,0,0,0,0,0,0
CD74,0,0,0,0,0,0,0,0,0,0,1,0,0,0,0,0,0
CEACAM3,0,0,0,0,0,0,0,0,1,0,0,0,0,0,0,0,0
CEACAM6,0,0,0,0,0,0,0,0,0,0,0,0,0,1,0,0,0
CEACAM7,0,0,1,0,0,0,1,0,0,0,0,0,0,0,0,0,0
CHGA,0,0,0,1,0,0,0,0,0,0,0,0,0,0,0,0,0
CHGB,0,0,0,1,0,0,0,0,0,0,0,0,0,0,0,0,0
CKB,0,0,0,0,0,1,0,0,0,0,0,0,0,0,0,0,0
CLCA1,0,0,0,0,1,0,0,0,0,0,0,0,0,0,0,0,0
CLCA4,0,0,0,0,0,0,1,0,0,0,0,0,0,1,0,0,0
CORO1A,1,0,0,0,0,0,0,0,0,0,0,0,0,0,0,0,0
CPVL,0,0,0,0,0,0,0,0,0,1,0,0,0,0,0,0,0
CRYBA2,0,0,0,1,0,0,0,0,0,0,0,0,0,0,0,0,0
CTSE,0,0,0,0,0,0,0,0,1,0,0,0,1,0,0,0,0
CXCL1,0,0,0,0,0,0,0,0,0,0,1,0,0,1,0,0,0
CXCR4,1,0,0,0,0,0,0,0,0,0,0,0,0,0,0,0,0
CYP3A4,0,0,0,0,0,0,0,0,0,0,0,0,0,0,0,1,0
DEFA6,0,0,0,0,0,0,0,0,0,0,0,0,0,0,0,0,1
DMBT1,0,0,0,0,0,0,0,0,0,0,0,0,0,0,1,0,0
DNASE1L3,0,0,0,0,0,0,0,0,0,1,0,0,0,0,0,0,0
DUOX2,0,0,0,0,0,0,0,0,0,0,0,0,0,1,0,0,0
DUOXA2,0,0,0,0,0,0,0,0,0,0,0,0,0,1,0,0,0
EDN1,0,1,0,0,0,0,0,0,0,0,0,0,0,0,0,0,0
FABP1,0,0,1,0,0,1,1,0,0,0,0,0,0,0,0,0,0
FAM162A,0,0,0,0,0,0,0,0,0,0,0,1,0,0,0,0,0
FCER1G,0,0,0,0,0,0,0,0,0,1,0,0,0,0,0,0,0
FCGBP,0,0,0,0,1,0,0,0,0,0,0,0,0,0,0,0,0
FEV,0,0,0,1,0,0,0,0,0,0,0,0,0,0,0,0,0
FGL2,0,0,0,0,0,0,0,0,0,1,0,0,0,0,0,0,0
FN1,0,0,0,0,0,0,0,0,0,0,1,0,0,0,0,0,0
FOLH1,0,0,0,0,0,0,0,0,0,0,0,0,0,0,0,1,0
FTH1,0,0,1,0,0,0,0,0,0,0,0,0,0,0,0,0,0
FYB1,0,0,0,0,0,0,0,1,0,0,0,0,0,0,0,0,0
GCG,0,0,0,1,0,0,0,0,0,0,0,0,0,0,0,0,0
GDF15,0,1,0,0,0,0,0,0,0,0,0,0,0,0,0,0,0
GUCA2A,0,0,1,0,0,0,1,0,0,0,0,0,0,0,0,0,0
HES1,0,1,0,0,0,0,0,0,0,0,0,0,0,0,0,0,0
HLA-DPA1,0,0,0,0,0,0,0,0,0,0,0,0,0,0,1,0,0
HLA-DQA1,0,0,0,0,0,0,0,0,0,1,0,0,0,0,0,0,0
HLA-DRA,0,0,0,0,0,0,0,0,0,0,1,0,0,0,1,0,0
HLA-DRB5,0,0,0,0,0,0,0,0,0,0,1,0,0,0,0,0,0
ICAM2,0,0,0,0,0,0,0,0,0,0,0,0,1,0,0,0,0
IFITM1,0,0,0,0,0,0,0,0,0,0,0,0,0,0,1,0,0
IFITM3,0,0,0,0,0,0,0,0,0,0,1,0,0,0,1,0,0
IGFBP2,0,0,0,0,0,0,0,0,0,0,0,0,0,0,0,0,1
IL7R,1,0,0,0,0,0,0,0,0,0,0,0,0,0,0,0,0
INSL5,0,0,0,1,0,0,0,0,0,0,0,0,0,0,0,0,0
ITLN1,0,0,0,0,1,0,0,0,0,0,0,0,0,0,0,0,1
KLK1,0,0,0,0,1,0,0,0,0,0,0,0,0,0,0,0,0
KRT19,0,0,0,0,0,1,0,0,0,0,0,0,0,0,0,0,0
KRT20,0,0,1,0,0,0,0,0,0,0,0,0,0,0,0,0,0
KRT8,0,0,1,0,0,0,0,0,0,0,0,0,0,0,0,0,0
LCN2,0,0,0,0,0,0,0,0,0,0,1,0,0,1,1,0,0
LEFTY1,0,0,0,0,0,0,0,0,0,0,1,0,0,0,0,0,0
LGALS4,0,0,0,0,0,1,0,0,0,0,0,0,0,0,0,0,0
LRMP,0,0,0,0,0,0,0,1,0,0,0,0,0,0,0,0,0
LTB,1,0,0,0,0,0,0,0,0,0,0,0,0,0,0,0,0
LYZ,0,0,0,0,0,0,0,0,0,0,0,0,0,0,0,0,1
MIA,0,0,0,0,0,0,0,0,0,0,0,0,1,0,0,0,0
MME,0,0,0,0,0,0,0,0,0,0,0,0,0,0,0,1,0
MS4A12,0,0,0,0,0,0,1,0,0,0,0,0,0,0,0,0,0
MS4A6A,0,0,0,0,0,0,0,0,0,1,0,0,0,0,0,0,0
MT1E,0,0,0,0,0,0,0,0,0,0,0,1,0,0,0,0,0
MT1F,0,0,0,0,0,0,0,0,0,0,0,1,0,0,0,0,0
MT1G,0,0,0,0,0,0,0,0,0,0,0,1,0,0,0,0,0
MT1H,0,0,0,0,0,0,0,0,0,0,0,1,0,0,0,0,0
MT1M,0,0,0,0,0,0,0,0,0,0,0,1,0,0,0,0,0
MT1X,0,0,0,0,0,0,0,0,0,0,0,1,0,0,0,0,0
MT2A,0,0,0,0,0,0,0,0,0,0,0,1,0,0,0,0,0
MTRNR2L12,0,1,0,0,0,0,0,0,0,0,0,0,0,0,0,0,0
MTRNR2L8,0,1,0,0,0,0,0,0,0,0,0,0,0,0,0,0,0
MUC2,0,0,0,0,1,0,0,0,0,0,0,0,0,0,0,0,0
NEURL1,0,0,0,0,0,0,0,0,1,0,0,0,0,0,0,0,0
NOTCH2,0,0,0,0,0,0,0,0,1,0,0,0,0,0,0,0,0
OLFM4,0,0,0,0,0,0,0,0,0,0,1,0,0,0,1,0,0
OTOP2,0,0,0,0,0,0,0,0,1,0,0,0,0,0,0,0,0
PCSK1N,0,0,0,1,0,0,0,0,0,0,0,0,0,0,0,0,0
PHGR1,0,0,1,0,0,1,0,0,0,0,0,0,0,0,0,0,0
PI3,0,0,0,0,0,0,0,0,0,0,0,0,0,1,0,0,0
PLA2G2A,0,0,0,0,0,0,0,0,0,0,0,0,0,0,1,0,0
PLAC8,0,0,0,0,0,0,0,0,0,0,0,0,0,1,0,0,0
PLCG2,0,0,0,0,0,0,0,1,0,0,0,0,0,0,0,0,0
PSTPIP2,0,0,0,0,0,0,0,1,0,0,0,0,0,0,0,0,0
PTPRC,1,0,0,0,0,0,0,0,0,0,0,0,0,0,0,0,0
PYY,0,0,0,1,0,0,0,0,0,0,0,0,0,0,0,0,0
RARRES2,0,1,0,0,0,0,0,0,0,0,0,0,0,0,0,0,0
RBP2,0,0,0,0,0,0,0,0,0,0,0,0,0,0,0,1,0
REG1A,0,0,0,0,0,0,0,0,0,0,0,0,0,0,1,0,1
REG1B,0,0,0,0,0,0,0,0,0,0,0,0,0,0,1,0,1
REG3A,0,0,0,0,0,0,0,0,0,0,0,0,0,0,0,0,1
REG4,0,0,0,0,1,0,0,0,0,0,0,0,0,0,0,0,0
RETNLB,0,0,0,0,1,0,0,0,0,0,0,0,0,0,0,0,1
RPS18,0,1,0,0,0,0,0,0,0,0,0,0,0,0,0,0,0
RPS19,0,1,0,0,0,0,0,0,0,0,0,0,0,0,0,0,0
SAA1,0,0,0,0,0,0,0,0,0,0,0,0,0,1,0,0,0
SCT,0,0,0,1,0,0,0,0,0,0,0,0,0,0,0,0,0
SELENBP1,0,0,0,0,0,1,0,0,0,0,0,0,0,0,0,0,0
SELENOM,0,0,0,0,0,0,0,0,0,0,0,0,1,0,0,0,0
SELENOP,0,0,0,0,0,0,1,0,0,0,0,0,0,0,0,0,0
SERPINA1,0,0,0,0,0,0,0,0,0,0,0,0,0,0,0,0,1
SH2D6,0,0,0,0,0,0,0,1,0,0,0,0,0,0,0,0,0
SLC26A2,0,0,0,0,0,1,0,0,0,0,0,0,0,0,0,0,0
SLC26A3,0,0,1,0,0,0,1,0,0,0,0,0,0,0,0,0,0
SMOC2,0,0,0,0,0,0,0,0,0,0,1,0,0,0,0,0,0
SOD3,0,0,0,0,0,0,0,0,0,0,0,0,1,0,0,0,0
SPI1,0,0,0,0,0,0,0,0,0,1,0,0,0,0,0,0,0
SPIB,0,0,0,0,0,0,0,0,1,0,0,0,1,0,0,0,0
SPINK4,0,0,0,0,1,0,0,0,0,0,0,0,0,0,0,0,1
SPINK5,0,0,0,0,0,1,0,0,0,0,0,0,0,0,0,0,0
TFF3,0,0,0,0,1,0,0,0,0,0,0,0,0,0,0,0,0
TMPRSS15,0,0,0,0,0,0,0,0,0,0,0,0,0,0,0,1,0
TNFAIP2,0,0,0,0,0,0,0,0,0,0,0,0,1,0,0,0,0
TPH1,0,0,0,1,0,0,0,0,0,0,0,0,0,0,0,0,0
TRPM5,0,0,0,0,0,0,0,1,0,0,0,0,0,0,0,0,0
TSC22D3,1,0,0,0,0,0,0,0,0,0,0,0,0,0,0,0,0
TUBA1A,0,0,0,0,0,0,0,1,0,0,0,0,0,0,0,0,0
TXN,0,0,0,0,0,0,0,0,0,0,0,1,0,0,0,0,0
TYROBP,0,0,0,0,0,0,0,0,0,1,0,0,0,0,0,0,0
UNC5C,0,0,0,0,0,0,0,0,1,0,0,0,0,0,0,0,0
VIM,1,0,0,0,0,0,0,0,0,0,0,0,0,0,0,0,0
ZFP36L2,0,1,0,0,0,0,0,0,0,0,0,0,0,0,0,0,0
ZG16,0,0,0,0,1,0,0,0,0,0,0,0,0,0,0,0,0
