,ISCs,PCs,Proliferating PCs,Secretory PCs,Enterocytes,Goblet cells,EECs
ASCL2,1,0,0,0,0,0,0
ATOH1,0,0,0,1,0,0,0
AXIN2,1,0,0,0,0,0,0
BMI1,1,0,0,0,0,0,0
CD44,0,1,1,0,0,0,0
CHGA,0,0,0,0,0,0,1
CHGB,0,0,0,0,0,0,1
DLL1,0,1,1,0,0,0,0
EPHB2,1,0,0,0,0,0,0
FABP2,0,0,0,0,1,0,0
FCGBP,0,0,0,0,0,1,0
GFI1,0,0,0,0,0,1,0
INSM1,0,0,0,1,0,0,0
LGR5,1,0,0,0,0,0,0
MKI67,0,0,1,0,0,0,0
MUC2,0,0,0,0,0,1,0
NEUROD1,0,0,0,1,0,0,1
NEUROG3,0,1,1,1,0,0,1
PAX4,0,0,0,0,0,0,1
PCSK1,0,0,0,0,0,0,1
PROM1,1,0,0,0,0,0,0
SOX4,0,0,0,1,0,0,0
SOX9,1,0,0,0,0,0,0
